<?xml version="1.0" encoding="UTF-8"?>
<project-private xmlns="http://www.netbeans.org/ns/project-private/1">
    <editor-bookmarks xmlns="http://www.netbeans.org/ns/editor-bookmarks/2" lastBookmarkId="0"/>
    <open-files xmlns="http://www.netbeans.org/ns/projectui-open-files/2">
        <group>
            <file>file:/C:/Users/Hp/Documents/Clases/BCT/Semestres/Quinto%20Semeste/Aplicaciones%20Web/Proyectos/Java/Human%20Resources/web/agregarCandidato.jsp</file>
            <file>file:/C:/Users/Hp/Documents/Clases/BCT/Semestres/Quinto%20Semeste/Aplicaciones%20Web/Proyectos/Java/Human%20Resources/src/java/HR/Vacaciones.java</file>
            <file>file:/C:/Users/Hp/Documents/Clases/BCT/Semestres/Quinto%20Semeste/Aplicaciones%20Web/Proyectos/Java/Human%20Resources/src/java/Controllers/agregarCandidatoController.java</file>
            <file>file:/C:/Users/Hp/Documents/Clases/BCT/Semestres/Quinto%20Semeste/Aplicaciones%20Web/Proyectos/Java/Human%20Resources/src/java/HR/Tecnologias.java</file>
            <file>file:/C:/Users/Hp/Documents/Clases/BCT/Semestres/Quinto%20Semeste/Aplicaciones%20Web/Proyectos/Java/Human%20Resources/src/java/HR/Certificado.java</file>
            <file>file:/C:/Users/Hp/Documents/Clases/BCT/Semestres/Quinto%20Semeste/Aplicaciones%20Web/Proyectos/Java/Human%20Resources/src/java/HR/Titulo.java</file>
            <file>file:/C:/Users/Hp/Documents/Clases/BCT/Semestres/Quinto%20Semeste/Aplicaciones%20Web/Proyectos/Java/Human%20Resources/src/java/HR/Candidato.java</file>
            <file>file:/C:/Users/Hp/Documents/Clases/BCT/Semestres/Quinto%20Semeste/Aplicaciones%20Web/Proyectos/Java/Human%20Resources/src/java/HR/TrabajoAntiguo.java</file>
        </group>
    </open-files>
</project-private>
